{
  "name": "ArduinoJson",
  "keywords": "json, rest, http, web",
  "description": "An elegant and efficient JSON library for embedded systems",
  "homepage": "https://arduinojson.org/?utm_source=meta&utm_medium=library.json",
  "repository": {
    "type": "git",
    "url": "https://github.com/bblanchon/ArduinoJson.git"
  },
  "version": "6.7.0-beta",
  "authors": {
    "name": "Benoit Blanchon",
    "url": "https://blog.benoitblanchon.fr"
  },
  "exclude": [
    "fuzzing",
    "scripts",
    "test",
    "third-party"
  ],
  "frameworks": "arduino",
  "platforms": "*"
}
